{
    "version": 1,
    "themes": {
        "parallax4": {
            "name": "Parallax4",
            "repo": "https://github.com/jospedro39/zepedro11/tree/main/parallax4",
            "zip": "https://github.com/jospedro39/zepedro10/blob/main/parallax4.zip",
            "summary": "One of the most advanced WonderCMS themes created by @jospedro39.",
            "version": "3.2.3",
            "image": "https://github.com/jospedro39/zepedro11/blob/main/parallax4/images/default.png"
        }
    }
}
